{
  "precision": 0.8821170809943866,
  "recall": 0.9159034138218152,
  "f1_score": 0.8986928104575164,
  "roc_auc": 0.9147074032221826
}