{
  "precision": 0.49466537342386036,
  "recall": 0.8492922564529559,
  "f1_score": 0.6251915415262029,
  "roc_auc": 0.9320980862508755
}